Finalización del curso,G1,G2,G3
No,52.17391304347826,50.0,86.36363636363636
Sí,47.82608695652174,50.0,13.636363636363635
