Riesgo de no finalización,G1,G2,G3
Alto,21.73913043478261,22.22222222222222,54.54545454545454
Bajo,47.82608695652174,50.0,0.0
Medio,30.434782608695656,27.77777777777778,45.45454545454545
