Finalización por calificación,G1,G2,G3
No,21.73913043478261,22.22222222222222,54.54545454545454
Sí,78.26086956521739,77.77777777777779,45.45454545454545
